DISTRICT_NAME,DISTRICT_KEY,LOCATION_NAME,LOCATION_KEY_RSP_SCH,STUDENT_NAME,STUDENT_ID,STUDENT_ID_ALT,STUDENT_GENDER,CURR_GRADE_LVL,ITEM_KEY,Assessment Description,CHALLENGE_TYPE,ETHNIC_DESC,LEP_DURATION,LEP_ELIGIBILITY,POVERTY,NUMERIC_SCORE,STANDARD_ACHIEVED,STD_ACHIEVED_CODE,TEST_STATUS,NYSESLAT_ELIGIBLE,NYSAA_ELIGIBLE,FORMER_LEP,FORMER_SWD,REPORT_SCHOOL_YEAR,MODIFIED_DATE
DEMO DISTRICT,80099999,DEMO SCHOOL,9999,Sample Student 1,215999101,7029999102,Female,6,4420,Grade 6 Math,,Black or African American,0,,YES,334,Level 3,23,TEST,,,,,2016-17,42947
DEMO DISTRICT,80099999,DEMO SCHOOL,9999,Sample Student 2,215999102,7029999103,Female,6,4420,Grade 6 Math,,White,7,,,339,Level 3,23,TEST,,,,,2016-17,42947
DEMO DISTRICT,80099999,DEMO SCHOOL,9999,Sample Student 3,215999103,7029999104,Female,6,4420,Grade 6 Math,,Black or African American,1,YES,YES,360,Level 4,24,TEST,,,,,2016-17,42947
DEMO DISTRICT,80099999,DEMO SCHOOL,9999,Sample Student 4,215999104,7029999105,Female,6,4420,Grade 6 Math,,White,1,,YES,361,Level 4,24,TEST,,,,,2016-17,42947
DEMO DISTRICT,80099999,DEMO SCHOOL,9999,Sample Student 5,215999105,7029999106,Male,6,4420,Grade 6 Math,,Black or African American,0,,,280,Level 1,21,TEST,,,,,2016-17,42947
DEMO DISTRICT,80099999,DEMO SCHOOL,9999,Sample Student 6,215999106,7029999107,Male,6,4420,Grade 6 Math,,Black or African American,3,,YES,334,Level 3,23,TEST,,,,,2016-17,42947
DEMO DISTRICT,80099999,DEMO SCHOOL,9999,Sample Student 7,215999107,7029999108,Male,6,4420,Grade 6 Math,,Hispanic or Latino,0,,YES,331,Level 3,23,TEST,,,,,2016-17,42947
DEMO DISTRICT,80099999,DEMO SCHOOL,9999,Sample Student 8,215999108,7029999109,Female,6,4420,Grade 6 Math,,Asian or Pacific Islander,2,,YES,376,Level 4,24,TEST,,,,,2016-17,42947
DEMO DISTRICT,80099999,DEMO SCHOOL,9999,Sample Student 9,215999109,7029999110,Female,6,4420,Grade 6 Math,,Hispanic or Latino,0,,YES,338,Level 3,23,TEST,,,,,2016-17,42947
DEMO DISTRICT,80099999,DEMO SCHOOL,9999,Sample Student 10,215999110,7029999111,Female,6,4420,Grade 6 Math,,Hispanic or Latino,2,,YES,322,Level 3,23,TEST,,,,,2016-17,42947
DEMO DISTRICT,80099999,DEMO SCHOOL,9999,Sample Student 11,215999111,7029999112,Male,6,4420,Grade 6 Math,,Hispanic or Latino,3,,YES,358,Level 4,24,TEST,,,,,2016-17,42947
DEMO DISTRICT,80099999,DEMO SCHOOL,9999,Sample Student 12,215999112,7029999113,Male,6,4420,Grade 6 Math,,Hispanic or Latino,6,YES,YES,361,Level 4,24,TEST,,,,,2016-17,42947
DEMO DISTRICT,80099999,DEMO SCHOOL,9999,Sample Student 13,215999113,7029999114,Male,6,4420,Grade 6 Math,,Hispanic or Latino,6,YES,YES,252,Level 1,21,TEST,,,,,2016-17,42947
DEMO DISTRICT,80099999,DEMO SCHOOL,9999,Sample Student 14,215999114,7029999115,Male,6,4420,Grade 6 Math,,Black or African American,2,,YES,289,Level 2,22,TEST,,,,,2016-17,42947
DEMO DISTRICT,80099999,DEMO SCHOOL,9999,Sample Student 15,215999115,7029999116,Female,6,4420,Grade 6 Math,Emotional Disturbance,Black or African American,4,,YES,300,Level 2,22,TEST,,,,,2016-17,42947
DEMO DISTRICT,80099999,DEMO SCHOOL,9999,Sample Student 16,215999116,7029999117,Female,6,4420,Grade 6 Math,,White,0,YES,YES,368,Level 4,24,TEST,,,,,2016-17,42947
DEMO DISTRICT,80099999,DEMO SCHOOL,9999,Sample Student 17,215999117,7029999118,Female,6,4420,Grade 6 Math,,Multiracial,0,,,330,Level 3,23,TEST,,,YES,,2016-17,42947
DEMO DISTRICT,80099999,DEMO SCHOOL,9999,Sample Student 18,215999118,7029999119,Female,6,4420,Grade 6 Math,,Black or African American,0,,YES,366,Level 4,24,TEST,,,,,2016-17,42947
DEMO DISTRICT,80099999,DEMO SCHOOL,9999,Sample Student 19,215999119,7029999120,Female,6,4420,Grade 6 Math,,Asian or Pacific Islander,0,YES,YES,328,Level 3,23,TEST,,,,,2016-17,42947
DEMO DISTRICT,80099999,DEMO SCHOOL,9999,Sample Student 20,215999120,7029999121,Female,6,4420,Grade 6 Math,,Multiracial,0,,YES,321,Level 3,23,TEST,,,,,2016-17,42947
DEMO DISTRICT,80099999,DEMO SCHOOL,9999,Sample Student 21,215999121,7029999122,Male,6,4420,Grade 6 Math,Emotional Disturbance,Black or African American,1,,YES,353,Level 4,24,TEST,,,,,2016-17,42947
DEMO DISTRICT,80099999,DEMO SCHOOL,9999,Sample Student 22,215999122,7029999123,Female,6,4420,Grade 6 Math,,Multiracial,0,,,306,Level 2,22,TEST,,,,,2016-17,42947
DEMO DISTRICT,80099999,DEMO SCHOOL,9999,Sample Student 23,215999123,7029999124,Male,6,4420,Grade 6 Math,Learning Disability,Black or African American,4,,,369,Level 4,24,TEST,,,,,2016-17,42947
DEMO DISTRICT,80099999,DEMO SCHOOL,9999,Sample Student 24,215999124,7029999125,Male,6,4420,Grade 6 Math,,Black or African American,1,YES,,331,Level 3,23,TEST,,,,,2016-17,42947
DEMO DISTRICT,80099999,DEMO SCHOOL,9999,Sample Student 25,215999125,7029999126,Male,6,4420,Grade 6 Math,,Black or African American,0,,YES,360,Level 4,24,TEST,,,,,2016-17,42947
DEMO DISTRICT,80099999,DEMO SCHOOL,9999,Sample Student 26,215999126,7029999127,Female,6,4420,Grade 6 Math,Learning Disability,Asian or Pacific Islander,4,,YES,362,Level 4,24,TEST,,,,,2016-17,42947
DEMO DISTRICT,80099999,DEMO SCHOOL,9999,Sample Student 27,215999127,7029999128,Male,6,4420,Grade 6 Math,,Asian or Pacific Islander,1,,YES,362,Level 4,24,TEST,,,,,2016-17,42947
DEMO DISTRICT,80099999,DEMO SCHOOL,9999,Sample Student 28,215999128,7029999129,Female,6,4420,Grade 6 Math,,White,0,YES,,323,Level 3,23,TEST,,,,,2016-17,42947
DEMO DISTRICT,80099999,DEMO SCHOOL,9999,Sample Student 29,215999129,7029999130,Female,6,4420,Grade 6 Math,,Black or African American,1,,,390,Level 4,24,TEST,,,,,2016-17,42947
DEMO DISTRICT,80099999,DEMO SCHOOL,9999,Sample Student 30,215999130,7029999131,Male,6,4420,Grade 6 Math,,Asian or Pacific Islander,0,,,387,Level 4,24,TEST,,,,,2016-17,42947
DEMO DISTRICT,80099999,DEMO SCHOOL,9999,Sample Student 31,215999131,7029999132,Female,6,4420,Grade 6 Math,,Asian or Pacific Islander,1,YES,YES,335,Level 3,23,TEST,,,,,2016-17,42947
DEMO DISTRICT,80099999,DEMO SCHOOL,9999,Sample Student 32,215999132,7029999133,Male,6,4420,Grade 6 Math,,White,1,,,332,Level 3,23,TEST,,,,,2016-17,42947
DEMO DISTRICT,80099999,DEMO SCHOOL,9999,Sample Student 33,215999133,7029999134,Male,6,4420,Grade 6 Math,,White,7,,YES,364,Level 4,24,TEST,,,,,2016-17,42947
DEMO DISTRICT,80099999,DEMO SCHOOL,9999,Sample Student 34,215999134,7029999135,Male,6,4420,Grade 6 Math,,Multiracial,1,,YES,426,Level 4,24,TEST,,,,,2016-17,42947
DEMO DISTRICT,80099999,DEMO SCHOOL,9999,Sample Student 35,215999135,7029999136,Female,6,4420,Grade 6 Math,,Black or African American,4,,,330,Level 3,23,TEST,,,,,2016-17,42947
DEMO DISTRICT,80099999,DEMO SCHOOL,9999,Sample Student 36,215999136,7029999137,Female,6,4420,Grade 6 Math,,Hispanic or Latino,0,YES,,305,Level 2,22,TEST,,,,,2016-17,42947
DEMO DISTRICT,80099999,DEMO SCHOOL,9999,Sample Student 37,215999137,7029999138,Male,6,4420,Grade 6 Math,,White,1,,,302,Level 2,22,TEST,,,,,2016-17,42947
DEMO DISTRICT,80099999,DEMO SCHOOL,9999,Sample Student 38,215999138,7029999139,Male,6,4420,Grade 6 Math,,Asian or Pacific Islander,0,,,241,Level 1,21,TEST,,,,,2016-17,42947
DEMO DISTRICT,80099999,DEMO SCHOOL,9999,Sample Student 39,215999139,7029999140,Female,6,4420,Grade 6 Math,,Black or African American,7,,YES,329,Level 3,23,TEST,,,,YES,2016-17,42947
DEMO DISTRICT,80099999,DEMO SCHOOL,9999,Sample Student 40,215999140,7029999141,Male,6,4420,Grade 6 Math,,White,1,,YES,334,Level 3,23,TEST,,,,,2016-17,42947
DEMO DISTRICT,80099999,DEMO SCHOOL,9999,Sample Student 41,215999141,7029999142,Male,6,4420,Grade 6 Math,,Black or African American,0,,YES,366,Level 4,24,TEST,,,,,2016-17,42947
DEMO DISTRICT,80099999,DEMO SCHOOL,9999,Sample Student 42,215999142,7029999143,Female,6,4420,Grade 6 Math,,Black or African American,0,,,342,Level 4,24,TEST,,,,,2016-17,42947
DEMO DISTRICT,80099999,DEMO SCHOOL,9999,Sample Student 43,215999143,7029999144,Male,6,4420,Grade 6 Math,,Hispanic or Latino,7,,YES,318,Level 3,23,TEST,,,,,2016-17,42947
DEMO DISTRICT,80099999,DEMO SCHOOL,9999,Sample Student 44,215999144,7029999145,Male,6,4420,Grade 6 Math,,Asian or Pacific Islander,3,,,339,Level 3,23,TEST,,,,,2016-17,42947
DEMO DISTRICT,80099999,DEMO SCHOOL,9999,Sample Student 45,215999145,7029999146,Male,6,4420,Grade 6 Math,,Asian or Pacific Islander,0,YES,YES,355,Level 4,24,TEST,,,,,2016-17,42947
DEMO DISTRICT,80099999,DEMO SCHOOL,9999,Sample Student 46,215999146,7029999147,Male,6,4420,Grade 6 Math,,Hispanic or Latino,0,,,310,Level 2,22,TEST,,,,,2016-17,42947
DEMO DISTRICT,80099999,DEMO SCHOOL,9999,Sample Student 47,215999147,7029999148,Male,6,4420,Grade 6 Math,Speech or Language Impairment,White,0,,YES,409,Level 4,24,TEST,,,,,2016-17,42947
DEMO DISTRICT,80099999,DEMO SCHOOL,9999,Sample Student 48,215999148,7029999149,Female,6,4420,Grade 6 Math,,Black or African American,2,YES,YES,323,Level 3,23,TEST,,,,,2016-17,42947
DEMO DISTRICT,80099999,DEMO SCHOOL,9999,Sample Student 49,215999149,7029999150,Female,6,4420,Grade 6 Math,,Black or African American,6,,YES,238,Level 1,21,TEST,,,,,2016-17,42947
DEMO DISTRICT,80099999,DEMO SCHOOL,9999,Sample Student 50,215999150,7029999151,Male,6,4420,Grade 6 Math,,Hispanic or Latino,0,,YES,354,Level 4,24,TEST,,,,,2016-17,42947
DEMO DISTRICT,80099999,DEMO SCHOOL,9999,Sample Student 51,215999151,7029999152,Male,6,4420,Grade 6 Math,,White,0,,YES,398,Level 4,24,TEST,,,,,2016-17,42947
DEMO DISTRICT,80099999,DEMO SCHOOL,9999,Sample Student 52,215999152,7029999153,Male,6,4420,Grade 6 Math,,Multiracial,6,,,284,Level 1,21,TEST,,,,,2016-17,42947
DEMO DISTRICT,80099999,DEMO SCHOOL,9999,Sample Student 53,215999153,7029999154,Female,6,4420,Grade 6 Math,,Black or African American,1,,YES,391,Level 4,24,TEST,,,,,2016-17,42947
DEMO DISTRICT,80099999,DEMO SCHOOL,9999,Sample Student 54,215999154,7029999155,Female,6,4420,Grade 6 Math,,White,1,,,306,Level 2,22,TEST,,,,,2016-17,42947
DEMO DISTRICT,80099999,DEMO SCHOOL,9999,Sample Student 55,215999155,7029999156,Female,6,4420,Grade 6 Math,Deafness,Black or African American,7,,,369,Level 4,24,TEST,,,,,2016-17,42947
DEMO DISTRICT,80099999,DEMO SCHOOL,9999,Sample Student 56,215999156,7029999157,Male,6,4420,Grade 6 Math,,Multiracial,1,,YES,332,Level 3,23,TEST,,,,,2016-17,42947
DEMO DISTRICT,80099999,DEMO SCHOOL,9999,Sample Student 57,215999157,7029999158,Male,6,4420,Grade 6 Math,,White,7,,,257,Level 1,21,TEST,,,,,2016-17,42947
DEMO DISTRICT,80099999,DEMO SCHOOL,9999,Sample Student 58,215999158,7029999159,Female,6,4420,Grade 6 Math,Learning Disability,Asian or Pacific Islander,2,,,322,Level 3,23,TEST,,,,,2016-17,42947
DEMO DISTRICT,80099999,DEMO SCHOOL,9999,Sample Student 59,215999159,7029999160,Female,6,4420,Grade 6 Math,Emotional Disturbance,White,7,,,368,Level 4,24,TEST,,,,,2016-17,42947
DEMO DISTRICT,80099999,DEMO SCHOOL,9999,Sample Student 60,215999160,7029999161,Female,6,4420,Grade 6 Math,Emotional Disturbance,Black or African American,2,,,352,Level 4,24,TEST,,,,,2016-17,42947
DEMO DISTRICT,80099999,DEMO SCHOOL,9999,Sample Student 61,215999161,7029999162,Male,6,4420,Grade 6 Math,,White,7,,YES,248,Level 1,21,TEST,,,,,2016-17,42947
DEMO DISTRICT,80099999,DEMO SCHOOL,9999,Sample Student 62,215999162,7029999163,Male,6,4420,Grade 6 Math,,Black or African American,0,,YES,216,Level 1,21,TEST,,,,,2016-17,42947
DEMO DISTRICT,80099999,DEMO SCHOOL,9999,Sample Student 63,215999163,7029999164,Female,6,4420,Grade 6 Math,,Asian or Pacific Islander,4,YES,,261,Level 1,21,TEST,,,,,2016-17,42947
DEMO DISTRICT,80099999,DEMO SCHOOL,9999,Sample Student 64,215999164,7029999165,Male,6,4420,Grade 6 Math,Learning Disability,Asian or Pacific Islander,6,,YES,352,Level 4,24,TEST,,,,,2016-17,42947
DEMO DISTRICT,80099999,DEMO SCHOOL,9999,Sample Student 65,215999165,7029999166,Female,6,4420,Grade 6 Math,Learning Disability,Asian or Pacific Islander,1,,,350,Level 4,24,TEST,,,,,2016-17,42947
DEMO DISTRICT,80099999,DEMO SCHOOL,9999,Sample Student 66,215999166,7029999167,Female,6,4420,Grade 6 Math,Learning Disability,Black or African American,1,,YES,235,Level 1,21,TEST,,,,,2016-17,42947
DEMO DISTRICT,80099999,DEMO SCHOOL,9999,Sample Student 67,215999167,7029999168,Male,6,4420,Grade 6 Math,Emotional Disturbance,White,1,,YES,367,Level 4,24,TEST,,,,,2016-17,42947
DEMO DISTRICT,80099999,DEMO SCHOOL,9999,Sample Student 68,215999168,7029999169,Male,6,4420,Grade 6 Math,,White,1,,YES,290,Level 2,22,TEST,,,,,2016-17,42947
DEMO DISTRICT,80099999,DEMO SCHOOL,9999,Sample Student 69,215999169,7029999170,Female,6,4420,Grade 6 Math,Speech or Language Impairment,Asian or Pacific Islander,2,,YES,294,Level 2,22,TEST,,,,,2016-17,42947
DEMO DISTRICT,80099999,DEMO SCHOOL,9999,Sample Student 70,215999170,7029999171,Female,6,4420,Grade 6 Math,,White,6,,,374,Level 4,24,TEST,,,,,2016-17,42947
DEMO DISTRICT,80099999,DEMO SCHOOL,9999,Sample Student 71,215999171,7029999172,Female,6,4420,Grade 6 Math,Learning Disability,Black or African American,0,,YES,320,Level 3,23,TEST,,,,YES,2016-17,42947
DEMO DISTRICT,80099999,DEMO SCHOOL,9999,Sample Student 72,215999172,7029999173,Male,6,4420,Grade 6 Math,Hearing Impairment,Asian or Pacific Islander,7,,YES,318,Level 3,23,TEST,,,,,2016-17,42947
DEMO DISTRICT,80099999,DEMO SCHOOL,9999,Sample Student 73,215999173,7029999174,Female,6,4420,Grade 6 Math,,Asian or Pacific Islander,6,YES,,362,Level 4,24,TEST,,,,,2016-17,42947
DEMO DISTRICT,80099999,DEMO SCHOOL,9999,Sample Student 74,215999174,7029999175,Female,6,4420,Grade 6 Math,,White,0,,,334,Level 3,23,TEST,,,,,2016-17,42947
DEMO DISTRICT,80099999,DEMO SCHOOL,9999,Sample Student 75,215999175,7029999176,Male,6,4420,Grade 6 Math,,Asian or Pacific Islander,1,,,343,Level 4,24,TEST,,,,,2016-17,42947
DEMO DISTRICT,80099999,DEMO SCHOOL,9999,Sample Student 76,215999176,7029999177,Male,6,4420,Grade 6 Math,,Hispanic or Latino,3,,YES,400,Level 4,24,TEST,,,,,2016-17,42947
DEMO DISTRICT,80099999,DEMO SCHOOL,9999,Sample Student 77,215999177,7029999178,Female,6,4420,Grade 6 Math,,Black or African American,1,,YES,354,Level 4,24,TEST,,,,,2016-17,42947
DEMO DISTRICT,80099999,DEMO SCHOOL,9999,Sample Student 78,215999178,7029999179,Male,6,4420,Grade 6 Math,,Black or African American,0,,,367,Level 4,24,TEST,,,,,2016-17,42947
DEMO DISTRICT,80099999,DEMO SCHOOL,9999,Sample Student 79,215999179,7029999180,Male,6,4420,Grade 6 Math,,Hispanic or Latino,3,,YES,331,Level 3,23,TEST,,,,,2016-17,42947
DEMO DISTRICT,80099999,DEMO SCHOOL,9999,Sample Student 80,215999180,7029999181,Female,6,4420,Grade 6 Math,,Black or African American,2,,YES,316,Level 2,22,TEST,,,,,2016-17,42947
DEMO DISTRICT,80099999,DEMO SCHOOL,9999,Sample Student 81,215999181,7029999182,Male,6,4420,Grade 6 Math,Learning Disability,White,0,YES,YES,323,Level 3,23,TEST,,,,,2016-17,42947
DEMO DISTRICT,80099999,DEMO SCHOOL,9999,Sample Student 82,215999182,7029999183,Female,6,4420,Grade 6 Math,,Asian or Pacific Islander,0,YES,,334,Level 3,23,TEST,,,,,2016-17,42947
DEMO DISTRICT,80099999,DEMO SCHOOL,9999,Sample Student 83,215999183,7029999184,Male,6,4420,Grade 6 Math,,Asian or Pacific Islander,4,,,207,Level 1,21,TEST,,,,,2016-17,42947
DEMO DISTRICT,80099999,DEMO SCHOOL,9999,Sample Student 84,215999184,7029999185,Male,6,4420,Grade 6 Math,,Black or African American,0,,,307,Level 2,22,TEST,,,,,2016-17,42947
DEMO DISTRICT,80099999,DEMO SCHOOL,9999,Sample Student 85,215999185,7029999186,Male,6,4420,Grade 6 Math,Speech or Language Impairment,Black or African American,6,,YES,297,Level 2,22,TEST,,,,,2016-17,42947
DEMO DISTRICT,80099999,DEMO SCHOOL,9999,Sample Student 86,215999186,7029999187,Male,6,4420,Grade 6 Math,,Asian or Pacific Islander,4,YES,YES,301,Level 2,22,TEST,,,,,2016-17,42947
DEMO DISTRICT,80099999,DEMO SCHOOL,9999,Sample Student 87,215999187,7029999188,Female,6,4420,Grade 6 Math,,Black or African American,3,YES,YES,369,Level 4,24,TEST,,,YES,,2016-17,42947
DEMO DISTRICT,80099999,DEMO SCHOOL,9999,Sample Student 88,215999188,7029999189,Male,6,4420,Grade 6 Math,,Black or African American,2,,,318,Level 3,23,TEST,,,,,2016-17,42947
DEMO DISTRICT,80099999,DEMO SCHOOL,9999,Sample Student 89,215999189,7029999190,Female,6,4420,Grade 6 Math,,Asian or Pacific Islander,3,,YES,244,Level 1,21,TEST,,,,,2016-17,42947
DEMO DISTRICT,80099999,DEMO SCHOOL,9999,Sample Student 90,215999190,7029999191,Male,6,4420,Grade 6 Math,,Multiracial,6,,YES,324,Level 3,23,TEST,,,,,2016-17,42947
DEMO DISTRICT,80099999,DEMO SCHOOL,9999,Sample Student 91,215999191,7029999192,Female,6,4420,Grade 6 Math,,Asian or Pacific Islander,0,,,320,Level 3,23,TEST,,,,,2016-17,42947
DEMO DISTRICT,80099999,DEMO SCHOOL,9999,Sample Student 92,215999192,7029999193,Female,7,4418,Grade 7 Math,,White,2,YES,YES,294,Level 2,22,TEST,,,,,2016-17,42947
DEMO DISTRICT,80099999,DEMO SCHOOL,9999,Sample Student 93,215999193,7029999194,Female,7,4418,Grade 7 Math,Other Health Impairment,Black or African American,6,,YES,333,Level 3,23,TEST,,,,YES,2016-17,42947
DEMO DISTRICT,80099999,DEMO SCHOOL,9999,Sample Student 94,215999194,7029999195,Male,7,4418,Grade 7 Math,,White,6,YES,YES,227,Level 1,21,TEST,,,,,2016-17,42947
DEMO DISTRICT,80099999,DEMO SCHOOL,9999,Sample Student 95,215999195,7029999196,Female,7,4418,Grade 7 Math,,White,0,,YES,293,Level 2,22,TEST,,,,,2016-17,42947
DEMO DISTRICT,80099999,DEMO SCHOOL,9999,Sample Student 96,215999196,7029999197,Female,7,4418,Grade 7 Math,,Asian or Pacific Islander,2,,YES,390,Level 4,24,TEST,,,,,2016-17,42947
DEMO DISTRICT,80099999,DEMO SCHOOL,9999,Sample Student 97,215999197,7029999198,Male,7,4418,Grade 7 Math,,Black or African American,2,,YES,376,Level 4,24,TEST,,,,,2016-17,42947
DEMO DISTRICT,80099999,DEMO SCHOOL,9999,Sample Student 98,215999198,7029999199,Male,7,4418,Grade 7 Math,Hearing Impairment,Asian or Pacific Islander,3,,YES,359,Level 4,24,TEST,,,,,2016-17,42947
DEMO DISTRICT,80099999,DEMO SCHOOL,9999,Sample Student 99,215999199,7029999200,Female,7,4418,Grade 7 Math,,Black or African American,1,,YES,347,Level 4,24,TEST,,,,,2016-17,42947
DEMO DISTRICT,80099999,DEMO SCHOOL,9999,Sample Student 100,215999200,7029999201,Female,7,4418,Grade 7 Math,,Black or African American,2,,,379,Level 4,24,TEST,,,,,2016-17,42947
DEMO DISTRICT,80099999,DEMO SCHOOL,9999,Sample Student 101,215999201,7029999202,Female,7,4418,Grade 7 Math,,Asian or Pacific Islander,1,,YES,383,Level 4,24,TEST,,,,,2016-17,42947
DEMO DISTRICT,80099999,DEMO SCHOOL,9999,Sample Student 102,215999202,7029999203,Female,7,4418,Grade 7 Math,,White,7,YES,YES,358,Level 4,24,TEST,,,,,2016-17,42947
DEMO DISTRICT,80099999,DEMO SCHOOL,9999,Sample Student 103,215999203,7029999204,Male,7,4418,Grade 7 Math,,Black or African American,1,,YES,325,Level 3,23,TEST,,,,,2016-17,42947
DEMO DISTRICT,80099999,DEMO SCHOOL,9999,Sample Student 104,215999204,7029999205,Male,7,4418,Grade 7 Math,,Hispanic or Latino,2,YES,,298,Level 2,22,TEST,,,,,2016-17,42947
DEMO DISTRICT,80099999,DEMO SCHOOL,9999,Sample Student 105,215999205,7029999206,Female,7,4418,Grade 7 Math,,White,0,YES,YES,383,Level 4,24,TEST,,,,,2016-17,42947
DEMO DISTRICT,80099999,DEMO SCHOOL,9999,Sample Student 106,215999206,7029999207,Male,7,4418,Grade 7 Math,,Asian or Pacific Islander,6,YES,YES,307,Level 2,22,TEST,,,,,2016-17,42947
DEMO DISTRICT,80099999,DEMO SCHOOL,9999,Sample Student 107,215999207,7029999208,Female,7,4418,Grade 7 Math,,White,0,YES,YES,367,Level 4,24,TEST,,,,,2016-17,42947
DEMO DISTRICT,80099999,DEMO SCHOOL,9999,Sample Student 108,215999208,7029999209,Male,7,4418,Grade 7 Math,,Asian or Pacific Islander,6,,YES,369,Level 4,24,TEST,,,,,2016-17,42947
DEMO DISTRICT,80099999,DEMO SCHOOL,9999,Sample Student 109,215999209,7029999210,Female,7,4418,Grade 7 Math,,White,1,,YES,310,Level 2,22,TEST,,,,,2016-17,42947
DEMO DISTRICT,80099999,DEMO SCHOOL,9999,Sample Student 110,215999210,7029999211,Male,7,4418,Grade 7 Math,,Black or African American,1,,YES,368,Level 4,24,TEST,,,,,2016-17,42947
DEMO DISTRICT,80099999,DEMO SCHOOL,9999,Sample Student 111,215999211,7029999212,Male,7,4418,Grade 7 Math,,Hispanic or Latino,0,YES,,348,Level 4,24,TEST,,,,,2016-17,42947
DEMO DISTRICT,80099999,DEMO SCHOOL,9999,Sample Student 112,215999212,7029999213,Female,7,4418,Grade 7 Math,,Hispanic or Latino,6,,YES,304,Level 2,22,TEST,,,,,2016-17,42947
DEMO DISTRICT,80099999,DEMO SCHOOL,9999,Sample Student 113,215999213,7029999214,Male,7,4418,Grade 7 Math,,White,4,,YES,321,Level 3,23,TEST,,,,,2016-17,42947
DEMO DISTRICT,80099999,DEMO SCHOOL,9999,Sample Student 114,215999214,7029999215,Male,7,4418,Grade 7 Math,,Hispanic or Latino,0,,YES,365,Level 4,24,TEST,,,,,2016-17,42947
DEMO DISTRICT,80099999,DEMO SCHOOL,9999,Sample Student 115,215999215,7029999216,Female,7,4418,Grade 7 Math,,Asian or Pacific Islander,2,,YES,369,Level 4,24,TEST,,,,,2016-17,42947
DEMO DISTRICT,80099999,DEMO SCHOOL,9999,Sample Student 116,215999216,7029999217,Male,7,4418,Grade 7 Math,Hearing Impairment,Multiracial,0,,YES,288,Level 2,22,TEST,,,,,2016-17,42947
DEMO DISTRICT,80099999,DEMO SCHOOL,9999,Sample Student 117,215999217,7029999218,Male,7,4418,Grade 7 Math,,White,1,,,324,Level 3,23,TEST,,,,,2016-17,42947
DEMO DISTRICT,80099999,DEMO SCHOOL,9999,Sample Student 118,215999218,7029999219,Male,7,4418,Grade 7 Math,,Hispanic or Latino,0,YES,,327,Level 3,23,TEST,,,,,2016-17,42947
DEMO DISTRICT,80099999,DEMO SCHOOL,9999,Sample Student 119,215999219,7029999220,Male,7,4418,Grade 7 Math,,White,0,,YES,379,Level 4,24,TEST,,,,,2016-17,42947
DEMO DISTRICT,80099999,DEMO SCHOOL,9999,Sample Student 120,215999220,7029999221,Male,7,4418,Grade 7 Math,,White,0,,,262,Level 1,21,TEST,,,,,2016-17,42947
DEMO DISTRICT,80099999,DEMO SCHOOL,9999,Sample Student 121,215999221,7029999222,Female,7,4418,Grade 7 Math,Other Health Impairment,White,1,,YES,384,Level 4,24,TEST,,,,,2016-17,42947
DEMO DISTRICT,80099999,DEMO SCHOOL,9999,Sample Student 122,215999222,7029999223,Female,7,4418,Grade 7 Math,,Hispanic or Latino,0,,,355,Level 4,24,TEST,,,,,2016-17,42947
DEMO DISTRICT,80099999,DEMO SCHOOL,9999,Sample Student 123,215999223,7029999224,Female,7,4418,Grade 7 Math,,Asian or Pacific Islander,3,,YES,277,Level 1,21,TEST,,,,YES,2016-17,42947
DEMO DISTRICT,80099999,DEMO SCHOOL,9999,Sample Student 124,215999224,7029999225,Female,7,4418,Grade 7 Math,Speech or Language Impairment,Hispanic or Latino,7,,YES,336,Level 3,23,TEST,,,,,2016-17,42947
DEMO DISTRICT,80099999,DEMO SCHOOL,9999,Sample Student 125,215999225,7029999226,Male,7,4418,Grade 7 Math,,Asian or Pacific Islander,1,,YES,361,Level 4,24,TEST,,,,,2016-17,42947
DEMO DISTRICT,80099999,DEMO SCHOOL,9999,Sample Student 126,215999226,7029999227,Male,7,4418,Grade 7 Math,Speech or Language Impairment,Black or African American,3,,YES,359,Level 4,24,TEST,,,,,2016-17,42947
DEMO DISTRICT,80099999,DEMO SCHOOL,9999,Sample Student 127,215999227,7029999228,Male,7,4418,Grade 7 Math,,White,0,,,235,Level 1,21,TEST,,,,,2016-17,42947
DEMO DISTRICT,80099999,DEMO SCHOOL,9999,Sample Student 128,215999228,7029999229,Female,7,4418,Grade 7 Math,,Black or African American,1,,YES,313,Level 2,22,TEST,,,,,2016-17,42947
DEMO DISTRICT,80099999,DEMO SCHOOL,9999,Sample Student 129,215999229,7029999230,Male,7,4418,Grade 7 Math,,White,2,,YES,347,Level 4,24,TEST,,,,,2016-17,42947
DEMO DISTRICT,80099999,DEMO SCHOOL,9999,Sample Student 130,215999230,7029999231,Male,7,4418,Grade 7 Math,,Black or African American,1,,YES,327,Level 3,23,TEST,,,,,2016-17,42947
DEMO DISTRICT,80099999,DEMO SCHOOL,9999,Sample Student 131,215999231,7029999232,Male,7,4418,Grade 7 Math,Emotional Disturbance,Hispanic or Latino,0,,YES,324,Level 3,23,TEST,,,,,2016-17,42947
DEMO DISTRICT,80099999,DEMO SCHOOL,9999,Sample Student 132,215999232,7029999233,Female,7,4418,Grade 7 Math,Speech or Language Impairment,Asian or Pacific Islander,0,,,329,Level 3,23,TEST,,,,,2016-17,42947
DEMO DISTRICT,80099999,DEMO SCHOOL,9999,Sample Student 133,215999233,7029999234,Male,7,4418,Grade 7 Math,,White,4,,YES,304,Level 2,22,TEST,,,,,2016-17,42947
DEMO DISTRICT,80099999,DEMO SCHOOL,9999,Sample Student 134,215999234,7029999235,Female,7,4418,Grade 7 Math,Speech or Language Impairment,White,7,,YES,344,Level 4,24,TEST,,,,,2016-17,42947
DEMO DISTRICT,80099999,DEMO SCHOOL,9999,Sample Student 135,215999235,7029999236,Female,7,4418,Grade 7 Math,,Black or African American,1,,YES,365,Level 4,24,TEST,,,,,2016-17,42947
DEMO DISTRICT,80099999,DEMO SCHOOL,9999,Sample Student 136,215999236,7029999237,Female,7,4418,Grade 7 Math,Emotional Disturbance,White,4,,YES,241,Level 1,21,TEST,,,,,2016-17,42947
DEMO DISTRICT,80099999,DEMO SCHOOL,9999,Sample Student 137,215999237,7029999238,Male,7,4418,Grade 7 Math,Learning Disability,White,1,,YES,324,Level 3,23,TEST,,,,,2016-17,42947
DEMO DISTRICT,80099999,DEMO SCHOOL,9999,Sample Student 138,215999238,7029999239,Female,7,4418,Grade 7 Math,,Hispanic or Latino,3,,YES,366,Level 4,24,TEST,,,,,2016-17,42947
DEMO DISTRICT,80099999,DEMO SCHOOL,9999,Sample Student 139,215999239,7029999240,Male,7,4418,Grade 7 Math,,Hispanic or Latino,1,,YES,330,Level 3,23,TEST,,,,,2016-17,42947
DEMO DISTRICT,80099999,DEMO SCHOOL,9999,Sample Student 140,215999240,7029999241,Male,7,4418,Grade 7 Math,,Black or African American,4,,,297,Level 2,22,TEST,,,,,2016-17,42947
DEMO DISTRICT,80099999,DEMO SCHOOL,9999,Sample Student 141,215999241,7029999242,Female,7,4418,Grade 7 Math,,Hispanic or Latino,0,,,367,Level 4,24,TEST,,,,,2016-17,42947
DEMO DISTRICT,80099999,DEMO SCHOOL,9999,Sample Student 142,215999242,7029999243,Male,7,4418,Grade 7 Math,,Black or African American,2,,,328,Level 3,23,TEST,,,,,2016-17,42947
DEMO DISTRICT,80099999,DEMO SCHOOL,9999,Sample Student 143,215999243,7029999244,Male,7,4418,Grade 7 Math,Learning Disability,Multiracial,0,,YES,323,Level 3,23,TEST,,,,,2016-17,42947
DEMO DISTRICT,80099999,DEMO SCHOOL,9999,Sample Student 144,215999244,7029999245,Female,7,4418,Grade 7 Math,,Black or African American,6,,YES,419,Level 4,24,TEST,,,,,2016-17,42947
DEMO DISTRICT,80099999,DEMO SCHOOL,9999,Sample Student 145,215999245,7029999246,Female,7,4418,Grade 7 Math,,Asian or Pacific Islander,0,YES,YES,358,Level 4,24,TEST,,,,,2016-17,42947
DEMO DISTRICT,80099999,DEMO SCHOOL,9999,Sample Student 146,215999246,7029999247,Female,7,4418,Grade 7 Math,,Black or African American,4,YES,YES,323,Level 3,23,TEST,,,,,2016-17,42947
DEMO DISTRICT,80099999,DEMO SCHOOL,9999,Sample Student 147,215999247,7029999248,Female,7,4418,Grade 7 Math,Speech or Language Impairment,Asian or Pacific Islander,2,,,345,Level 4,24,TEST,,,,,2016-17,42947
DEMO DISTRICT,80099999,DEMO SCHOOL,9999,Sample Student 148,215999248,7029999249,Male,7,4418,Grade 7 Math,,Asian or Pacific Islander,2,,,331,Level 3,23,TEST,,,,,2016-17,42947
DEMO DISTRICT,80099999,DEMO SCHOOL,9999,Sample Student 149,215999249,7029999250,Male,7,4418,Grade 7 Math,,White,0,YES,YES,330,Level 3,23,TEST,,,,,2016-17,42947
DEMO DISTRICT,80099999,DEMO SCHOOL,9999,Sample Student 150,215999250,7029999251,Male,7,4418,Grade 7 Math,Speech or Language Impairment,White,2,,,366,Level 4,24,TEST,,,,,2016-17,42947
DEMO DISTRICT,80099999,DEMO SCHOOL,9999,Sample Student 151,215999251,7029999252,Female,7,4418,Grade 7 Math,,Black or African American,0,YES,YES,333,Level 3,23,TEST,,,,,2016-17,42947
DEMO DISTRICT,80099999,DEMO SCHOOL,9999,Sample Student 152,215999252,7029999253,Female,7,4418,Grade 7 Math,Other Health Impairment,Black or African American,1,,YES,330,Level 3,23,TEST,,,,,2016-17,42947
DEMO DISTRICT,80099999,DEMO SCHOOL,9999,Sample Student 153,215999253,7029999254,Male,7,4418,Grade 7 Math,Other Health Impairment,White,1,,YES,320,Level 3,23,TEST,,,,,2016-17,42947
DEMO DISTRICT,80099999,DEMO SCHOOL,9999,Sample Student 154,215999254,7029999255,Male,7,4418,Grade 7 Math,,Hispanic or Latino,0,YES,,322,Level 3,23,TEST,,,,,2016-17,42947
DEMO DISTRICT,80099999,DEMO SCHOOL,9999,Sample Student 155,215999255,7029999256,Male,7,4418,Grade 7 Math,,Black or African American,1,,YES,323,Level 3,23,TEST,,,,,2016-17,42947
DEMO DISTRICT,80099999,DEMO SCHOOL,9999,Sample Student 156,215999256,7029999257,Male,7,4418,Grade 7 Math,Other Health Impairment,Hispanic or Latino,1,,YES,338,Level 3,23,TEST,,,,,2016-17,42947
DEMO DISTRICT,80099999,DEMO SCHOOL,9999,Sample Student 157,215999257,7029999258,Female,7,4418,Grade 7 Math,Deafness,White,2,,YES,326,Level 3,23,TEST,,,,,2016-17,42947
DEMO DISTRICT,80099999,DEMO SCHOOL,9999,Sample Student 158,215999258,7029999259,Male,7,4418,Grade 7 Math,Other Health Impairment,White,4,,YES,330,Level 3,23,TEST,,,,,2016-17,42947
DEMO DISTRICT,80099999,DEMO SCHOOL,9999,Sample Student 159,215999259,7029999260,Female,7,4418,Grade 7 Math,Other Health Impairment,Asian or Pacific Islander,0,,YES,312,Level 2,22,TEST,,,,,2016-17,42947
DEMO DISTRICT,80099999,DEMO SCHOOL,9999,Sample Student 160,215999260,7029999261,Female,7,4418,Grade 7 Math,,Asian or Pacific Islander,0,YES,YES,337,Level 3,23,TEST,,,,YES,2016-17,42947
DEMO DISTRICT,80099999,DEMO SCHOOL,9999,Sample Student 161,215999261,7029999262,Male,7,4418,Grade 7 Math,,White,4,,YES,254,Level 1,21,TEST,,,,,2016-17,42947
DEMO DISTRICT,80099999,DEMO SCHOOL,9999,Sample Student 162,215999262,7029999263,Female,7,4418,Grade 7 Math,,White,1,,YES,279,Level 1,21,TEST,,,,,2016-17,42947
DEMO DISTRICT,80099999,DEMO SCHOOL,9999,Sample Student 163,215999263,7029999264,Female,7,4418,Grade 7 Math,,White,4,,,365,Level 4,24,TEST,,,,,2016-17,42947
DEMO DISTRICT,80099999,DEMO SCHOOL,9999,Sample Student 164,215999264,7029999265,Female,7,4418,Grade 7 Math,,Asian or Pacific Islander,0,,YES,320,Level 3,23,TEST,,,,,2016-17,42947
DEMO DISTRICT,80099999,DEMO SCHOOL,9999,Sample Student 165,215999265,7029999266,Male,7,4418,Grade 7 Math,Deafness,Hispanic or Latino,0,YES,,252,Level 1,21,TEST,,,,,2016-17,42947
DEMO DISTRICT,80099999,DEMO SCHOOL,9999,Sample Student 166,215999266,7029999267,Male,7,4418,Grade 7 Math,Speech or Language Impairment,Black or African American,2,,YES,424,Level 4,24,TEST,,,,,2016-17,42947
DEMO DISTRICT,80099999,DEMO SCHOOL,9999,Sample Student 167,215999267,7029999268,Male,7,4418,Grade 7 Math,Speech or Language Impairment,White,1,,YES,345,Level 4,24,TEST,,,,,2016-17,42947
DEMO DISTRICT,80099999,DEMO SCHOOL,9999,Sample Student 168,215999268,7029999269,Male,7,4418,Grade 7 Math,,Black or African American,0,,,348,Level 4,24,TEST,,,,,2016-17,42947
DEMO DISTRICT,80099999,DEMO SCHOOL,9999,Sample Student 169,215999269,7029999270,Male,7,4418,Grade 7 Math,Other Health Impairment,White,1,,YES,368,Level 4,24,TEST,,,,,2016-17,42947
DEMO DISTRICT,80099999,DEMO SCHOOL,9999,Sample Student 170,215999270,7029999271,Male,7,4418,Grade 7 Math,,Black or African American,2,,,332,Level 3,23,TEST,,,,,2016-17,42947
DEMO DISTRICT,80099999,DEMO SCHOOL,9999,Sample Student 171,215999271,7029999272,Male,7,4418,Grade 7 Math,Other Health Impairment,White,6,,YES,321,Level 3,23,TEST,,,,,2016-17,42947
DEMO DISTRICT,80099999,DEMO SCHOOL,9999,Sample Student 172,215999272,7029999273,Male,7,4418,Grade 7 Math,,Black or African American,0,,,266,Level 1,21,TEST,,,,,2016-17,42947
DEMO DISTRICT,80099999,DEMO SCHOOL,9999,Sample Student 173,215999273,7029999274,Male,7,4418,Grade 7 Math,,Hispanic or Latino,0,,YES,329,Level 3,23,TEST,,,,,2016-17,42947
DEMO DISTRICT,80099999,DEMO SCHOOL,9999,Sample Student 174,215999274,7029999275,Male,7,4418,Grade 7 Math,Other Health Impairment,Black or African American,2,,YES,335,Level 3,23,TEST,,,,,2016-17,42947
DEMO DISTRICT,80099999,DEMO SCHOOL,9999,Sample Student 175,215999275,7029999276,Female,7,4418,Grade 7 Math,,White,0,,,324,Level 3,23,TEST,,,,,2016-17,42947
DEMO DISTRICT,80099999,DEMO SCHOOL,9999,Sample Student 176,215999276,7029999277,Male,7,4418,Grade 7 Math,,Black or African American,2,,,315,Level 2,22,TEST,,,,,2016-17,42947
DEMO DISTRICT,80099999,DEMO SCHOOL,9999,Sample Student 177,215999277,7029999278,Female,7,4418,Grade 7 Math,,White,2,,YES,328,Level 3,23,TEST,,,,,2016-17,42947
DEMO DISTRICT,80099999,DEMO SCHOOL,9999,Sample Student 178,215999278,7029999279,Female,7,4418,Grade 7 Math,,Hispanic or Latino,1,YES,YES,376,Level 4,24,TEST,,,,,2016-17,42947
DEMO DISTRICT,80099999,DEMO SCHOOL,9999,Sample Student 179,215999279,7029999280,Male,7,4418,Grade 7 Math,,Black or African American,1,YES,YES,288,Level 2,22,TEST,,,,,2016-17,42947
DEMO DISTRICT,80099999,DEMO SCHOOL,9999,Sample Student 180,215999280,7029999281,Female,7,4418,Grade 7 Math,,Asian or Pacific Islander,7,,YES,338,Level 3,23,TEST,,,,,2016-17,42947
DEMO DISTRICT,80099999,DEMO SCHOOL,9999,Sample Student 181,215999281,7029999282,Female,7,4418,Grade 7 Math,,Hispanic or Latino,1,,,351,Level 4,24,TEST,,,,,2016-17,42947
DEMO DISTRICT,80099999,DEMO SCHOOL,9999,Sample Student 182,215999282,7029999283,Male,7,4418,Grade 7 Math,,White,1,YES,YES,360,Level 4,24,TEST,,,,,2016-17,42947
DEMO DISTRICT,80099999,DEMO SCHOOL,9999,Sample Student 183,215999283,7029999284,Male,8,4416,Grade 8 Math,,Black or African American,3,,YES,332,Level 3,23,TEST,,,,,2016-17,42947
DEMO DISTRICT,80099999,DEMO SCHOOL,9999,Sample Student 184,215999284,7029999285,Female,8,4416,Grade 8 Math,,Hispanic or Latino,3,,,328,Level 3,23,TEST,,,,,2016-17,42947
DEMO DISTRICT,80099999,DEMO SCHOOL,9999,Sample Student 185,215999285,7029999286,Male,8,4416,Grade 8 Math,,White,0,YES,YES,338,Level 3,23,TEST,,,,,2016-17,42947
DEMO DISTRICT,80099999,DEMO SCHOOL,9999,Sample Student 186,215999286,7029999287,Female,8,4416,Grade 8 Math,,White,6,,YES,332,Level 3,23,TEST,,,,,2016-17,42947
DEMO DISTRICT,80099999,DEMO SCHOOL,9999,Sample Student 187,215999287,7029999288,Male,8,4416,Grade 8 Math,Hearing Impairment,White,6,,YES,323,Level 3,23,TEST,,,,,2016-17,42947
DEMO DISTRICT,80099999,DEMO SCHOOL,9999,Sample Student 188,215999288,7029999289,Female,8,4416,Grade 8 Math,Speech or Language Impairment,White,0,,YES,390,Level 4,24,TEST,,,,,2016-17,42947
DEMO DISTRICT,80099999,DEMO SCHOOL,9999,Sample Student 189,215999289,7029999290,Female,8,4416,Grade 8 Math,Learning Disability,Asian or Pacific Islander,2,,YES,327,Level 3,23,TEST,,,,,2016-17,42947
DEMO DISTRICT,80099999,DEMO SCHOOL,9999,Sample Student 190,215999290,7029999291,Female,8,4416,Grade 8 Math,,Hispanic or Latino,0,YES,YES,418,Level 4,24,TEST,,,,,2016-17,42947
DEMO DISTRICT,80099999,DEMO SCHOOL,9999,Sample Student 191,215999291,7029999292,Female,8,4416,Grade 8 Math,,White,0,,,362,Level 4,24,TEST,,,,,2016-17,42947
DEMO DISTRICT,80099999,DEMO SCHOOL,9999,Sample Student 192,215999292,7029999293,Female,8,4416,Grade 8 Math,,Black or African American,0,,YES,381,Level 4,24,TEST,,,,,2016-17,42947
DEMO DISTRICT,80099999,DEMO SCHOOL,9999,Sample Student 193,215999293,7029999294,Male,8,4416,Grade 8 Math,,Hispanic or Latino,1,,YES,369,Level 4,24,TEST,,,,,2016-17,42947
DEMO DISTRICT,80099999,DEMO SCHOOL,9999,Sample Student 194,215999294,7029999295,Male,8,4416,Grade 8 Math,,White,2,YES,YES,297,Level 2,22,TEST,,,,,2016-17,42947
DEMO DISTRICT,80099999,DEMO SCHOOL,9999,Sample Student 195,215999295,7029999296,Female,8,4416,Grade 8 Math,,White,0,,YES,360,Level 4,24,TEST,,,,,2016-17,42947
DEMO DISTRICT,80099999,DEMO SCHOOL,9999,Sample Student 196,215999296,7029999297,Male,8,4416,Grade 8 Math,,White,0,,YES,387,Level 4,24,TEST,,,,,2016-17,42947
DEMO DISTRICT,80099999,DEMO SCHOOL,9999,Sample Student 197,215999297,7029999298,Male,8,4416,Grade 8 Math,,White,0,,,365,Level 4,24,TEST,,,,,2016-17,42947
DEMO DISTRICT,80099999,DEMO SCHOOL,9999,Sample Student 198,215999298,7029999299,Male,8,4416,Grade 8 Math,,Black or African American,0,,,357,Level 4,24,TEST,,,,,2016-17,42947
DEMO DISTRICT,80099999,DEMO SCHOOL,9999,Sample Student 199,215999299,7029999300,Male,8,4416,Grade 8 Math,,Multiracial,7,,,336,Level 3,23,TEST,,,,,2016-17,42947
DEMO DISTRICT,80099999,DEMO SCHOOL,9999,Sample Student 200,215999300,7029999301,Female,8,4416,Grade 8 Math,,Asian or Pacific Islander,6,YES,YES,294,Level 2,22,TEST,,,,,2016-17,42947
DEMO DISTRICT,80099999,DEMO SCHOOL,9999,Sample Student 201,215999301,7029999302,Male,8,4416,Grade 8 Math,Learning Disability,White,0,,,319,Level 3,23,TEST,,,,,2016-17,42947
DEMO DISTRICT,80099999,DEMO SCHOOL,9999,Sample Student 202,215999302,7029999303,Male,8,4416,Grade 8 Math,Other Health Impairment,Black or African American,3,,YES,301,Level 2,22,TEST,,,,,2016-17,42947
DEMO DISTRICT,80099999,DEMO SCHOOL,9999,Sample Student 203,215999303,7029999304,Male,8,4416,Grade 8 Math,Learning Disability,Asian or Pacific Islander,0,,,335,Level 3,23,TEST,,,,,2016-17,42947
DEMO DISTRICT,80099999,DEMO SCHOOL,9999,Sample Student 204,215999304,7029999305,Male,8,4416,Grade 8 Math,,White,0,,,327,Level 3,23,TEST,,,,,2016-17,42947
DEMO DISTRICT,80099999,DEMO SCHOOL,9999,Sample Student 205,215999305,7029999306,Female,8,4416,Grade 8 Math,,White,6,,YES,339,Level 3,23,TEST,,,,,2016-17,42947
DEMO DISTRICT,80099999,DEMO SCHOOL,9999,Sample Student 206,215999306,7029999307,Female,8,4416,Grade 8 Math,,Hispanic or Latino,2,,YES,269,Level 1,21,TEST,,,,,2016-17,42947
DEMO DISTRICT,80099999,DEMO SCHOOL,9999,Sample Student 207,215999307,7029999308,Female,8,4416,Grade 8 Math,,Asian or Pacific Islander,3,,YES,325,Level 3,23,TEST,,,,,2016-17,42947
DEMO DISTRICT,80099999,DEMO SCHOOL,9999,Sample Student 208,215999308,7029999309,Male,8,4416,Grade 8 Math,,White,2,,YES,313,Level 2,22,TEST,,,,,2016-17,42947
DEMO DISTRICT,80099999,DEMO SCHOOL,9999,Sample Student 209,215999309,7029999310,Male,8,4416,Grade 8 Math,Learning Disability,Hispanic or Latino,0,,YES,328,Level 3,23,TEST,,,,,2016-17,42947
DEMO DISTRICT,80099999,DEMO SCHOOL,9999,Sample Student 210,215999310,7029999311,Male,8,4416,Grade 8 Math,,White,6,,,360,Level 4,24,TEST,,,,,2016-17,42947
DEMO DISTRICT,80099999,DEMO SCHOOL,9999,Sample Student 211,215999311,7029999312,Male,8,4416,Grade 8 Math,,Multiracial,2,,YES,370,Level 4,24,TEST,,,,,2016-17,42947
DEMO DISTRICT,80099999,DEMO SCHOOL,9999,Sample Student 212,215999312,7029999313,Female,8,4416,Grade 8 Math,,White,1,YES,YES,316,Level 2,22,TEST,,,,,2016-17,42947
DEMO DISTRICT,80099999,DEMO SCHOOL,9999,Sample Student 213,215999313,7029999314,Male,8,4416,Grade 8 Math,,White,0,,,288,Level 2,22,TEST,,,,,2016-17,42947
DEMO DISTRICT,80099999,DEMO SCHOOL,9999,Sample Student 214,215999314,7029999315,Male,8,4416,Grade 8 Math,,Hispanic or Latino,0,,YES,351,Level 4,24,TEST,,,,,2016-17,42947
DEMO DISTRICT,80099999,DEMO SCHOOL,9999,Sample Student 215,215999315,7029999316,Male,8,4416,Grade 8 Math,,Multiracial,2,,YES,320,Level 3,23,TEST,,,,,2016-17,42947
DEMO DISTRICT,80099999,DEMO SCHOOL,9999,Sample Student 216,215999316,7029999317,Male,8,4416,Grade 8 Math,Hearing Impairment,Black or African American,0,,YES,282,Level 1,21,TEST,,,,,2016-17,42947
DEMO DISTRICT,80099999,DEMO SCHOOL,9999,Sample Student 217,215999317,7029999318,Male,8,4416,Grade 8 Math,,Black or African American,1,,YES,331,Level 3,23,TEST,,,,,2016-17,42947
DEMO DISTRICT,80099999,DEMO SCHOOL,9999,Sample Student 218,215999318,7029999319,Female,8,4416,Grade 8 Math,Speech or Language Impairment,Asian or Pacific Islander,6,YES,YES,391,Level 4,24,TEST,,,,,2016-17,42947
DEMO DISTRICT,80099999,DEMO SCHOOL,9999,Sample Student 219,215999319,7029999320,Male,8,4416,Grade 8 Math,,Asian or Pacific Islander,2,,YES,325,Level 3,23,TEST,,,,YES,2016-17,42947
DEMO DISTRICT,80099999,DEMO SCHOOL,9999,Sample Student 220,215999320,7029999321,Female,8,4416,Grade 8 Math,,Hispanic or Latino,1,,YES,288,Level 2,22,TEST,,,,,2016-17,42947
DEMO DISTRICT,80099999,DEMO SCHOOL,9999,Sample Student 221,215999321,7029999322,Male,8,4416,Grade 8 Math,,Multiracial,6,,,333,Level 3,23,TEST,,,,,2016-17,42947
DEMO DISTRICT,80099999,DEMO SCHOOL,9999,Sample Student 222,215999322,7029999323,Female,8,4416,Grade 8 Math,,Hispanic or Latino,0,,YES,348,Level 4,24,TEST,,,,,2016-17,42947
DEMO DISTRICT,80099999,DEMO SCHOOL,9999,Sample Student 223,215999323,7029999324,Male,8,4416,Grade 8 Math,,Hispanic or Latino,7,,,357,Level 4,24,TEST,,,,,2016-17,42947
DEMO DISTRICT,80099999,DEMO SCHOOL,9999,Sample Student 224,215999324,7029999325,Female,8,4416,Grade 8 Math,,White,2,,,308,Level 2,22,TEST,,,,,2016-17,42947
DEMO DISTRICT,80099999,DEMO SCHOOL,9999,Sample Student 225,215999325,7029999326,Male,8,4416,Grade 8 Math,,Hispanic or Latino,0,,YES,352,Level 4,24,TEST,,,,,2016-17,42947
DEMO DISTRICT,80099999,DEMO SCHOOL,9999,Sample Student 226,215999326,7029999327,Male,8,4416,Grade 8 Math,,Black or African American,0,,YES,340,Level 4,24,TEST,,,,,2016-17,42947
DEMO DISTRICT,80099999,DEMO SCHOOL,9999,Sample Student 227,215999327,7029999328,Male,8,4416,Grade 8 Math,,Asian or Pacific Islander,4,,YES,419,Level 4,24,TEST,,,,,2016-17,42947
DEMO DISTRICT,80099999,DEMO SCHOOL,9999,Sample Student 228,215999328,7029999329,Male,8,4416,Grade 8 Math,,Hispanic or Latino,7,,YES,406,Level 4,24,TEST,,,,,2016-17,42947
DEMO DISTRICT,80099999,DEMO SCHOOL,9999,Sample Student 229,215999329,7029999330,Male,8,4416,Grade 8 Math,,Black or African American,0,YES,YES,363,Level 4,24,TEST,,,,,2016-17,42947
DEMO DISTRICT,80099999,DEMO SCHOOL,9999,Sample Student 230,215999330,7029999331,Male,8,4416,Grade 8 Math,Speech or Language Impairment,Black or African American,0,,YES,317,Level 3,23,TEST,,,,,2016-17,42947
DEMO DISTRICT,80099999,DEMO SCHOOL,9999,Sample Student 231,215999331,7029999332,Male,8,4416,Grade 8 Math,,Hispanic or Latino,1,YES,YES,211,Level 1,21,TEST,,,,,2016-17,42947
DEMO DISTRICT,80099999,DEMO SCHOOL,9999,Sample Student 232,215999332,7029999333,Female,8,4416,Grade 8 Math,,Black or African American,4,YES,YES,331,Level 3,23,TEST,,,,,2016-17,42947
DEMO DISTRICT,80099999,DEMO SCHOOL,9999,Sample Student 233,215999333,7029999334,Male,8,4416,Grade 8 Math,,Hispanic or Latino,0,,YES,331,Level 3,23,TEST,,,,,2016-17,42947
DEMO DISTRICT,80099999,DEMO SCHOOL,9999,Sample Student 234,215999334,7029999335,Male,8,4416,Grade 8 Math,,White,2,,YES,356,Level 4,24,TEST,,,,,2016-17,42947
DEMO DISTRICT,80099999,DEMO SCHOOL,9999,Sample Student 235,215999335,7029999336,Female,8,4416,Grade 8 Math,,Black or African American,0,,,373,Level 4,24,TEST,,,,,2016-17,42947
DEMO DISTRICT,80099999,DEMO SCHOOL,9999,Sample Student 236,215999336,7029999337,Male,8,4416,Grade 8 Math,,Asian or Pacific Islander,3,,,316,Level 2,22,TEST,,,,,2016-17,42947
DEMO DISTRICT,80099999,DEMO SCHOOL,9999,Sample Student 237,215999337,7029999338,Male,8,4416,Grade 8 Math,,Hispanic or Latino,0,,YES,339,Level 3,23,TEST,,,,,2016-17,42947
DEMO DISTRICT,80099999,DEMO SCHOOL,9999,Sample Student 238,215999338,7029999339,Male,8,4416,Grade 8 Math,,White,0,,,333,Level 3,23,TEST,,,YES,,2016-17,42947
DEMO DISTRICT,80099999,DEMO SCHOOL,9999,Sample Student 239,215999339,7029999340,Female,8,4416,Grade 8 Math,,White,7,,YES,366,Level 4,24,TEST,,,,,2016-17,42947
DEMO DISTRICT,80099999,DEMO SCHOOL,9999,Sample Student 240,215999340,7029999341,Male,8,4416,Grade 8 Math,,White,1,,YES,354,Level 4,24,TEST,,,,,2016-17,42947
DEMO DISTRICT,80099999,DEMO SCHOOL,9999,Sample Student 241,215999341,7029999342,Male,8,4416,Grade 8 Math,,Black or African American,1,,YES,341,Level 4,24,TEST,,,,,2016-17,42947
DEMO DISTRICT,80099999,DEMO SCHOOL,9999,Sample Student 242,215999342,7029999343,Female,8,4416,Grade 8 Math,Learning Disability,Asian or Pacific Islander,2,,YES,328,Level 3,23,TEST,,,,,2016-17,42947
DEMO DISTRICT,80099999,DEMO SCHOOL,9999,Sample Student 243,215999343,7029999344,Male,8,4416,Grade 8 Math,Emotional Disturbance,Black or African American,3,,YES,387,Level 4,24,TEST,,,,,2016-17,42947
DEMO DISTRICT,80099999,DEMO SCHOOL,9999,Sample Student 244,215999344,7029999345,Male,8,4416,Grade 8 Math,,White,0,,YES,385,Level 4,24,TEST,,,,,2016-17,42947
DEMO DISTRICT,80099999,DEMO SCHOOL,9999,Sample Student 245,215999345,7029999346,Male,8,4416,Grade 8 Math,,Hispanic or Latino,6,,YES,350,Level 4,24,TEST,,,,,2016-17,42947
DEMO DISTRICT,80099999,DEMO SCHOOL,9999,Sample Student 246,215999346,7029999347,Male,8,4416,Grade 8 Math,,Multiracial,0,,YES,366,Level 4,24,TEST,,,,,2016-17,42947
DEMO DISTRICT,80099999,DEMO SCHOOL,9999,Sample Student 247,215999347,7029999348,Female,8,4416,Grade 8 Math,,Black or African American,2,YES,,290,Level 2,22,TEST,,,,,2016-17,42947
DEMO DISTRICT,80099999,DEMO SCHOOL,9999,Sample Student 248,215999348,7029999349,Female,8,4416,Grade 8 Math,Emotional Disturbance,White,2,,YES,339,Level 3,23,TEST,,,,,2016-17,42947
DEMO DISTRICT,80099999,DEMO SCHOOL,9999,Sample Student 249,215999349,7029999350,Female,8,4416,Grade 8 Math,,White,1,,,347,Level 4,24,TEST,,,,,2016-17,42947
DEMO DISTRICT,80099999,DEMO SCHOOL,9999,Sample Student 250,215999350,7029999351,Female,8,4416,Grade 8 Math,,Asian or Pacific Islander,4,,YES,310,Level 2,22,TEST,,,,,2016-17,42947
DEMO DISTRICT,80099999,DEMO SCHOOL,9999,Sample Student 251,215999351,7029999352,Female,8,4416,Grade 8 Math,Other Health Impairment,Asian or Pacific Islander,1,,YES,323,Level 3,23,TEST,,,,,2016-17,42947
DEMO DISTRICT,80099999,DEMO SCHOOL,9999,Sample Student 252,215999352,7029999353,Female,8,4416,Grade 8 Math,,Asian or Pacific Islander,1,YES,YES,214,Level 1,21,TEST,,,,,2016-17,42947
DEMO DISTRICT,80099999,DEMO SCHOOL,9999,Sample Student 253,215999353,7029999354,Male,8,4416,Grade 8 Math,,White,0,,YES,321,Level 3,23,TEST,,,,,2016-17,42947
DEMO DISTRICT,80099999,DEMO SCHOOL,9999,Sample Student 254,215999354,7029999355,Female,8,4416,Grade 8 Math,,Black or African American,2,,YES,223,Level 1,21,TEST,,,,,2016-17,42947
DEMO DISTRICT,80099999,DEMO SCHOOL,9999,Sample Student 255,215999355,7029999356,Female,8,4416,Grade 8 Math,,Black or African American,4,YES,,349,Level 4,24,TEST,,,,,2016-17,42947
DEMO DISTRICT,80099999,DEMO SCHOOL,9999,Sample Student 256,215999356,7029999357,Male,8,4416,Grade 8 Math,,Asian or Pacific Islander,1,,YES,298,Level 2,22,TEST,,,,,2016-17,42947
DEMO DISTRICT,80099999,DEMO SCHOOL,9999,Sample Student 257,215999357,7029999358,Male,8,4416,Grade 8 Math,,Multiracial,6,,YES,402,Level 4,24,TEST,,,,,2016-17,42947
DEMO DISTRICT,80099999,DEMO SCHOOL,9999,Sample Student 258,215999358,7029999359,Female,8,4416,Grade 8 Math,,Hispanic or Latino,2,,YES,335,Level 3,23,TEST,,,,,2016-17,42947
DEMO DISTRICT,80099999,DEMO SCHOOL,9999,Sample Student 259,215999359,7029999360,Female,8,4416,Grade 8 Math,,White,1,YES,,328,Level 3,23,TEST,,,,,2016-17,42947
DEMO DISTRICT,80099999,DEMO SCHOOL,9999,Sample Student 260,215999360,7029999361,Female,8,4416,Grade 8 Math,,Multiracial,0,,,338,Level 3,23,TEST,,,,,2016-17,42947
DEMO DISTRICT,80099999,DEMO SCHOOL,9999,Sample Student 261,215999361,7029999362,Female,8,4416,Grade 8 Math,,Black or African American,1,,,337,Level 3,23,TEST,,,,,2016-17,42947
DEMO DISTRICT,80099999,DEMO SCHOOL,9999,Sample Student 262,215999362,7029999363,Male,8,4416,Grade 8 Math,Learning Disability,Asian or Pacific Islander,0,,,244,Level 1,21,TEST,,,,,2016-17,42947
DEMO DISTRICT,80099999,DEMO SCHOOL,9999,Sample Student 263,215999363,7029999364,Male,8,4416,Grade 8 Math,,White,0,,YES,321,Level 3,23,TEST,,,,,2016-17,42947
DEMO DISTRICT,80099999,DEMO SCHOOL,9999,Sample Student 264,215999364,7029999365,Male,8,4416,Grade 8 Math,,White,3,,YES,329,Level 3,23,TEST,,,,,2016-17,42947
DEMO DISTRICT,80099999,DEMO SCHOOL,9999,Sample Student 265,215999365,7029999366,Male,8,4416,Grade 8 Math,,Hispanic or Latino,0,,YES,372,Level 4,24,TEST,,,,,2016-17,42947
DEMO DISTRICT,80099999,DEMO SCHOOL,9999,Sample Student 266,215999366,7029999367,Female,8,4416,Grade 8 Math,Speech or Language Impairment,White,1,,YES,281,Level 1,21,TEST,,,,,2016-17,42947
DEMO DISTRICT,80099999,DEMO SCHOOL,9999,Sample Student 267,215999367,7029999368,Male,8,4416,Grade 8 Math,,Black or African American,1,,,336,Level 3,23,TEST,,,,,2016-17,42947
DEMO DISTRICT,80099999,DEMO SCHOOL,9999,Sample Student 268,215999368,7029999369,Female,8,4416,Grade 8 Math,,Multiracial,1,,YES,239,Level 1,21,TEST,,,,,2016-17,42947
DEMO DISTRICT,80099999,DEMO SCHOOL,9999,Sample Student 269,215999369,7029999370,Female,8,4416,Grade 8 Math,Speech or Language Impairment,Asian or Pacific Islander,2,,YES,367,Level 4,24,TEST,,,,,2016-17,42947
DEMO DISTRICT,80099999,DEMO SCHOOL,9999,Sample Student 270,215999370,7029999371,Male,8,4416,Grade 8 Math,,Black or African American,6,,,371,Level 4,24,TEST,,,,,2016-17,42947
DEMO DISTRICT,80099999,DEMO SCHOOL,9999,Sample Student 271,215999371,7029999372,Male,8,4416,Grade 8 Math,Learning Disability,Asian or Pacific Islander,1,,YES,354,Level 4,24,TEST,,,,,2016-17,42947
DEMO DISTRICT,80099999,DEMO SCHOOL,9999,Sample Student 272,215999372,7029999373,Female,8,4416,Grade 8 Math,,Hispanic or Latino,6,,,313,Level 2,22,TEST,,,,,2016-17,42947
DEMO DISTRICT,80099999,DEMO SCHOOL,9999,Sample Student 273,215999373,7029999374,Male,8,4416,Grade 8 Math,,White,2,,YES,322,Level 3,23,TEST,,,,,2016-17,42947
DEMO DISTRICT,80099999,DEMO SCHOOL,9999,Sample Student 274,215999374,7029999375,Male,8,4416,Grade 8 Math,Deafness,Black or African American,3,YES,YES,317,Level 3,23,TEST,,,,,2016-17,42947
DEMO DISTRICT,80099999,DEMO SCHOOL,9999,Sample Student 275,215999375,7029999376,Male,8,4416,Grade 8 Math,,Hispanic or Latino,1,,YES,295,Level 2,22,TEST,,,,,2016-17,42947
DEMO DISTRICT,80099999,DEMO SCHOOL,9999,Sample Student 276,215999376,7029999377,Female,8,4416,Grade 8 Math,Deafness,Asian or Pacific Islander,1,YES,,321,Level 3,23,TEST,,,,,2016-17,42947
DEMO DISTRICT,80099999,DEMO SCHOOL,9999,Sample Student 277,215998377,7029998378,Male,5,4422,Grade 5 Math,,Multiracial,0,,YES,263,Level 1,21,TEST,,,,,2016-17,42947
DEMO DISTRICT,80099999,DEMO SCHOOL,9999,Sample Student 278,215998378,7029998379,Male,5,4422,Grade 5 Math,,Multiracial,0,,,257,Level 1,21,TEST,,,,,2016-17,42947
DEMO DISTRICT,80099999,DEMO SCHOOL,9999,Sample Student 279,215998379,7029998380,Female,5,4422,Grade 5 Math,Hearing Impairment,Multiracial,0,,YES,332,Level 3,23,TEST,,,,,2016-17,42947
DEMO DISTRICT,80099999,DEMO SCHOOL,9999,Sample Student 280,215998380,7029998381,Male,5,4422,Grade 5 Math,Learning Disability,White,2,,,336,Level 3,23,TEST,,,,,2016-17,42947
DEMO DISTRICT,80099999,DEMO SCHOOL,9999,Sample Student 281,215998381,7029998382,Male,5,4422,Grade 5 Math,Hearing Impairment,Black or African American,3,,,339,Level 3,23,TEST,,,,,2016-17,42947
DEMO DISTRICT,80099999,DEMO SCHOOL,9999,Sample Student 282,215998382,7029998383,Male,5,4422,Grade 5 Math,Speech or Language Impairment,Black or African American,0,,YES,363,Level 4,24,TEST,,,,,2016-17,42947
DEMO DISTRICT,80099999,DEMO SCHOOL,9999,Sample Student 283,215998383,7029998384,Female,5,4422,Grade 5 Math,,Hispanic or Latino,2,,,311,Level 2,22,TEST,,,,,2016-17,42947
DEMO DISTRICT,80099999,DEMO SCHOOL,9999,Sample Student 284,215998384,7029998385,Male,5,4422,Grade 5 Math,,White,1,,YES,295,Level 2,22,TEST,,,,,2016-17,42947
DEMO DISTRICT,80099999,DEMO SCHOOL,9999,Sample Student 285,215998385,7029998386,Male,5,4422,Grade 5 Math,,Black or African American,0,,YES,249,Level 1,21,TEST,,,,,2016-17,42947
DEMO DISTRICT,80099999,DEMO SCHOOL,9999,Sample Student 286,215998386,7029998387,Female,5,4422,Grade 5 Math,,White,0,,,338,Level 3,23,TEST,,,,,2016-17,42947
DEMO DISTRICT,80099999,DEMO SCHOOL,9999,Sample Student 287,215998387,7029998388,Male,5,4422,Grade 5 Math,,White,1,,,337,Level 3,23,TEST,,,,,2016-17,42947
DEMO DISTRICT,80099999,DEMO SCHOOL,9999,Sample Student 288,215998388,7029998389,Female,5,4422,Grade 5 Math,,White,0,,YES,372,Level 4,24,TEST,,,,,2016-17,42947
DEMO DISTRICT,80099999,DEMO SCHOOL,9999,Sample Student 289,215998389,7029998390,Female,5,4422,Grade 5 Math,,Black or African American,6,,YES,389,Level 4,24,TEST,,,,,2016-17,42947
DEMO DISTRICT,80099999,DEMO SCHOOL,9999,Sample Student 290,215998390,7029998391,Male,5,4422,Grade 5 Math,Speech or Language Impairment,White,7,,YES,371,Level 4,24,TEST,,,YES,,2016-17,42947
DEMO DISTRICT,80099999,DEMO SCHOOL,9999,Sample Student 291,215998391,7029998392,Male,5,4422,Grade 5 Math,,White,0,,YES,291,Level 2,22,TEST,,,,,2016-17,42947
DEMO DISTRICT,80099999,DEMO SCHOOL,9999,Sample Student 292,215998392,7029998393,Male,5,4422,Grade 5 Math,Speech or Language Impairment,White,6,,YES,313,Level 2,22,TEST,,,,,2016-17,42947
DEMO DISTRICT,80099999,DEMO SCHOOL,9999,Sample Student 293,215998393,7029998394,Female,5,4422,Grade 5 Math,,Black or African American,6,,,319,Level 3,23,TEST,,,,,2016-17,42947
DEMO DISTRICT,80099999,DEMO SCHOOL,9999,Sample Student 294,215998394,7029998395,Female,5,4422,Grade 5 Math,Deafness,Black or African American,1,,YES,333,Level 3,23,TEST,,,,,2016-17,42947
DEMO DISTRICT,80099999,DEMO SCHOOL,9999,Sample Student 295,215998395,7029998396,Female,5,4422,Grade 5 Math,,Asian or Pacific Islander,2,,YES,298,Level 2,22,TEST,,,,,2016-17,42947
DEMO DISTRICT,80099999,DEMO SCHOOL,9999,Sample Student 296,215998396,7029998397,Male,5,4422,Grade 5 Math,Learning Disability,White,7,,,326,Level 3,23,TEST,,,,,2016-17,42947
DEMO DISTRICT,80099999,DEMO SCHOOL,9999,Sample Student 297,215998397,7029998398,Female,5,4422,Grade 5 Math,,Black or African American,7,,YES,387,Level 4,24,TEST,,,,,2016-17,42947
DEMO DISTRICT,80099999,DEMO SCHOOL,9999,Sample Student 298,215998398,7029998399,Male,5,4422,Grade 5 Math,,Asian or Pacific Islander,0,,,321,Level 3,23,TEST,,,,,2016-17,42947
DEMO DISTRICT,80099999,DEMO SCHOOL,9999,Sample Student 299,215998399,7029998400,Female,5,4422,Grade 5 Math,,Asian or Pacific Islander,0,,YES,333,Level 3,23,TEST,,,,,2016-17,42947
DEMO DISTRICT,80099999,DEMO SCHOOL,9999,Sample Student 300,215998400,7029998401,Male,5,4422,Grade 5 Math,,White,1,,YES,366,Level 4,24,TEST,,,,,2016-17,42947
DEMO DISTRICT,80099999,DEMO SCHOOL,9999,Sample Student 301,215998401,7029998402,Female,5,4422,Grade 5 Math,,Black or African American,2,,,337,Level 3,23,TEST,,,,,2016-17,42947
DEMO DISTRICT,80099999,DEMO SCHOOL,9999,Sample Student 302,215998402,7029998403,Male,5,4422,Grade 5 Math,Speech or Language Impairment,Black or African American,1,YES,,222,Level 1,21,TEST,,,,,2016-17,42947
DEMO DISTRICT,80099999,DEMO SCHOOL,9999,Sample Student 303,215998403,7029998404,Male,5,4422,Grade 5 Math,,Hispanic or Latino,2,,YES,298,Level 2,22,TEST,,,,,2016-17,42947
DEMO DISTRICT,80099999,DEMO SCHOOL,9999,Sample Student 304,215998404,7029998405,Female,5,4422,Grade 5 Math,,Hispanic or Latino,6,,YES,230,Level 1,21,TEST,,,YES,,2016-17,42947
DEMO DISTRICT,80099999,DEMO SCHOOL,9999,Sample Student 305,215998405,7029998406,Female,5,4422,Grade 5 Math,Emotional Disturbance,Black or African American,7,,YES,316,Level 2,22,TEST,,,,,2016-17,42947
DEMO DISTRICT,80099999,DEMO SCHOOL,9999,Sample Student 306,215998406,7029998407,Male,5,4422,Grade 5 Math,,White,6,,,329,Level 3,23,TEST,,,,,2016-17,42947
DEMO DISTRICT,80099999,DEMO SCHOOL,9999,Sample Student 307,215998407,7029998408,Female,5,4422,Grade 5 Math,,Black or African American,1,,YES,279,Level 1,21,TEST,,,,,2016-17,42947
DEMO DISTRICT,80099999,DEMO SCHOOL,9999,Sample Student 308,215998408,7029998409,Female,5,4422,Grade 5 Math,,Hispanic or Latino,2,,YES,327,Level 3,23,TEST,,,,,2016-17,42947
DEMO DISTRICT,80099999,DEMO SCHOOL,9999,Sample Student 309,215998409,7029998410,Female,5,4422,Grade 5 Math,,White,1,,YES,262,Level 1,21,TEST,,,,,2016-17,42947
DEMO DISTRICT,80099999,DEMO SCHOOL,9999,Sample Student 310,215998410,7029998411,Female,5,4422,Grade 5 Math,,Black or African American,4,,YES,328,Level 3,23,TEST,,,,,2016-17,42947
DEMO DISTRICT,80099999,DEMO SCHOOL,9999,Sample Student 311,215998411,7029998412,Female,5,4422,Grade 5 Math,,Hispanic or Latino,4,,YES,332,Level 3,23,TEST,,,,YES,2016-17,42947
DEMO DISTRICT,80099999,DEMO SCHOOL,9999,Sample Student 312,215998412,7029998413,Female,5,4422,Grade 5 Math,,Black or African American,1,,YES,238,Level 1,21,TEST,,,,,2016-17,42947
DEMO DISTRICT,80099999,DEMO SCHOOL,9999,Sample Student 313,215998413,7029998414,Female,5,4422,Grade 5 Math,Speech or Language Impairment,White,1,,YES,335,Level 3,23,TEST,,,,,2016-17,42947
DEMO DISTRICT,80099999,DEMO SCHOOL,9999,Sample Student 314,215998414,7029998415,Female,5,4422,Grade 5 Math,,White,1,YES,,413,Level 4,24,TEST,,,,,2016-17,42947
DEMO DISTRICT,80099999,DEMO SCHOOL,9999,Sample Student 315,215998415,7029998416,Male,5,4422,Grade 5 Math,,White,0,,YES,332,Level 3,23,TEST,,,,,2016-17,42947
DEMO DISTRICT,80099999,DEMO SCHOOL,9999,Sample Student 316,215998416,7029998417,Female,5,4422,Grade 5 Math,,White,0,,YES,311,Level 2,22,TEST,,,,,2016-17,42947
DEMO DISTRICT,80099999,DEMO SCHOOL,9999,Sample Student 317,215998417,7029998418,Male,5,4422,Grade 5 Math,Learning Disability,Black or African American,3,YES,,361,Level 4,24,TEST,,,,,2016-17,42947
DEMO DISTRICT,80099999,DEMO SCHOOL,9999,Sample Student 318,215998418,7029998419,Female,5,4422,Grade 5 Math,,Black or African American,7,,YES,215,Level 1,21,TEST,,,,,2016-17,42947
DEMO DISTRICT,80099999,DEMO SCHOOL,9999,Sample Student 319,215998419,7029998420,Male,5,4422,Grade 5 Math,Learning Disability,White,0,,YES,325,Level 3,23,TEST,,,,,2016-17,42947
DEMO DISTRICT,80099999,DEMO SCHOOL,9999,Sample Student 320,215998420,7029998421,Female,5,4422,Grade 5 Math,,Black or African American,3,,YES,350,Level 4,24,TEST,,,,,2016-17,42947
DEMO DISTRICT,80099999,DEMO SCHOOL,9999,Sample Student 321,215998421,7029998422,Male,5,4422,Grade 5 Math,,Black or African American,2,YES,YES,424,Level 4,24,TEST,,,,,2016-17,42947
DEMO DISTRICT,80099999,DEMO SCHOOL,9999,Sample Student 322,215998422,7029998423,Female,5,4422,Grade 5 Math,,Hispanic or Latino,0,,,372,Level 4,24,TEST,,,,,2016-17,42947
DEMO DISTRICT,80099999,DEMO SCHOOL,9999,Sample Student 323,215998423,7029998424,Male,5,4422,Grade 5 Math,Learning Disability,Black or African American,1,,YES,336,Level 3,23,TEST,,,,,2016-17,42947
DEMO DISTRICT,80099999,DEMO SCHOOL,9999,Sample Student 324,215998424,7029998425,Female,5,4422,Grade 5 Math,,White,1,,YES,278,Level 1,21,TEST,,,,,2016-17,42947
DEMO DISTRICT,80099999,DEMO SCHOOL,9999,Sample Student 325,215998425,7029998426,Female,5,4422,Grade 5 Math,Learning Disability,Black or African American,0,,YES,335,Level 3,23,TEST,,,,,2016-17,42947
DEMO DISTRICT,80099999,DEMO SCHOOL,9999,Sample Student 326,215998426,7029998427,Female,5,4422,Grade 5 Math,,White,0,,YES,327,Level 3,23,TEST,,,,,2016-17,42947
DEMO DISTRICT,80099999,DEMO SCHOOL,9999,Sample Student 327,215998427,7029998428,Male,5,4422,Grade 5 Math,,White,0,,,319,Level 3,23,TEST,,,,,2016-17,42947
DEMO DISTRICT,80099999,DEMO SCHOOL,9999,Sample Student 328,215998428,7029998429,Male,5,4422,Grade 5 Math,,Black or African American,0,,,245,Level 1,21,TEST,,,,,2016-17,42947
DEMO DISTRICT,80099999,DEMO SCHOOL,9999,Sample Student 329,215998429,7029998430,Female,5,4422,Grade 5 Math,Deafness,Black or African American,0,YES,YES,292,Level 2,22,TEST,,,,,2016-17,42947
DEMO DISTRICT,80099999,DEMO SCHOOL,9999,Sample Student 330,215998430,7029998431,Male,5,4422,Grade 5 Math,,White,7,,YES,331,Level 3,23,TEST,,,,,2016-17,42947
DEMO DISTRICT,80099999,DEMO SCHOOL,9999,Sample Student 331,215998431,7029998432,Male,5,4422,Grade 5 Math,,White,0,,YES,201,Level 1,21,TEST,,,,,2016-17,42947
DEMO DISTRICT,80099999,DEMO SCHOOL,9999,Sample Student 332,215998432,7029998433,Male,5,4422,Grade 5 Math,,White,0,YES,,325,Level 3,23,TEST,,,,,2016-17,42947
DEMO DISTRICT,80099999,DEMO SCHOOL,9999,Sample Student 333,215998433,7029998434,Female,5,4422,Grade 5 Math,,White,6,,YES,240,Level 1,21,TEST,,,,,2016-17,42947
DEMO DISTRICT,80099999,DEMO SCHOOL,9999,Sample Student 334,215998434,7029998435,Female,5,4422,Grade 5 Math,,White,1,YES,YES,333,Level 3,23,TEST,,,,,2016-17,42947
DEMO DISTRICT,80099999,DEMO SCHOOL,9999,Sample Student 335,215998435,7029998436,Female,5,4422,Grade 5 Math,,Asian or Pacific Islander,0,,YES,411,Level 4,24,TEST,,,,,2016-17,42947
DEMO DISTRICT,80099999,DEMO SCHOOL,9999,Sample Student 336,215998436,7029998437,Female,5,4422,Grade 5 Math,Speech or Language Impairment,White,1,,YES,298,Level 2,22,TEST,,,,,2016-17,42947
DEMO DISTRICT,80099999,DEMO SCHOOL,9999,Sample Student 337,215998437,7029998438,Female,5,4422,Grade 5 Math,,Black or African American,0,YES,YES,335,Level 3,23,TEST,,,,,2016-17,42947
DEMO DISTRICT,80099999,DEMO SCHOOL,9999,Sample Student 338,215998438,7029998439,Female,5,4422,Grade 5 Math,Learning Disability,Asian or Pacific Islander,0,YES,YES,369,Level 4,24,TEST,,,,,2016-17,42947
DEMO DISTRICT,80099999,DEMO SCHOOL,9999,Sample Student 339,215998439,7029998440,Female,5,4422,Grade 5 Math,Deafness,Multiracial,0,YES,YES,355,Level 4,24,TEST,,,,,2016-17,42947
DEMO DISTRICT,80099999,DEMO SCHOOL,9999,Sample Student 340,215998440,7029998441,Male,5,4422,Grade 5 Math,,Black or African American,0,YES,YES,307,Level 2,22,TEST,,,,,2016-17,42947
DEMO DISTRICT,80099999,DEMO SCHOOL,9999,Sample Student 341,215998441,7029998442,Male,5,4422,Grade 5 Math,Deafness,Hispanic or Latino,0,,YES,287,Level 2,22,TEST,,,,,2016-17,42947
DEMO DISTRICT,80099999,DEMO SCHOOL,9999,Sample Student 342,215998442,7029998443,Male,5,4422,Grade 5 Math,,Black or African American,7,,YES,271,Level 1,21,TEST,,,,,2016-17,42947
DEMO DISTRICT,80099999,DEMO SCHOOL,9999,Sample Student 343,215998443,7029998444,Female,5,4422,Grade 5 Math,,White,3,,YES,368,Level 4,24,TEST,,,,,2016-17,42947
DEMO DISTRICT,80099999,DEMO SCHOOL,9999,Sample Student 344,215998444,7029998445,Male,5,4422,Grade 5 Math,Hearing Impairment,White,0,,YES,230,Level 1,21,TEST,,,,,2016-17,42947
DEMO DISTRICT,80099999,DEMO SCHOOL,9999,Sample Student 345,215998445,7029998446,Male,5,4422,Grade 5 Math,,White,0,YES,YES,344,Level 4,24,TEST,,,,,2016-17,42947
DEMO DISTRICT,80099999,DEMO SCHOOL,9999,Sample Student 346,215998446,7029998447,Female,5,4422,Grade 5 Math,,Black or African American,1,,YES,296,Level 2,22,TEST,,,,,2016-17,42947
DEMO DISTRICT,80099999,DEMO SCHOOL,9999,Sample Student 347,215998447,7029998448,Male,5,4422,Grade 5 Math,,Black or African American,1,,,361,Level 4,24,TEST,,,,,2016-17,42947
DEMO DISTRICT,80099999,DEMO SCHOOL,9999,Sample Student 348,215998448,7029998449,Male,5,4422,Grade 5 Math,,Asian or Pacific Islander,2,,,295,Level 2,22,TEST,,,,,2016-17,42947
DEMO DISTRICT,80099999,DEMO SCHOOL,9999,Sample Student 349,215998449,7029998450,Male,5,4422,Grade 5 Math,,Black or African American,1,,,314,Level 2,22,TEST,,,,,2016-17,42947
DEMO DISTRICT,80099999,DEMO SCHOOL,9999,Sample Student 350,215998450,7029998451,Male,5,4422,Grade 5 Math,,Black or African American,0,YES,YES,315,Level 2,22,TEST,,,,,2016-17,42947
DEMO DISTRICT,80099999,DEMO SCHOOL,9999,Sample Student 351,215998451,7029998452,Female,5,4422,Grade 5 Math,,White,1,,YES,330,Level 3,23,TEST,,,,,2016-17,42947
DEMO DISTRICT,80099999,DEMO SCHOOL,9999,Sample Student 352,215998452,7029998453,Female,5,4422,Grade 5 Math,Speech or Language Impairment,White,3,,YES,334,Level 3,23,TEST,,,,,2016-17,42947
DEMO DISTRICT,80099999,DEMO SCHOOL,9999,Sample Student 353,215998453,7029998454,Male,5,4422,Grade 5 Math,,White,3,,YES,394,Level 4,24,TEST,,,,,2016-17,42947
DEMO DISTRICT,80099999,DEMO SCHOOL,9999,Sample Student 354,215998454,7029998455,Male,5,4422,Grade 5 Math,,White,0,,,285,Level 2,22,TEST,,,,,2016-17,42947
DEMO DISTRICT,80099999,DEMO SCHOOL,9999,Sample Student 355,215998455,7029998456,Female,5,4422,Grade 5 Math,,Hispanic or Latino,2,,YES,250,Level 1,21,TEST,,,,,2016-17,42947
DEMO DISTRICT,80099999,DEMO SCHOOL,9999,Sample Student 356,215998456,7029998457,Male,5,4422,Grade 5 Math,Hearing Impairment,Black or African American,1,YES,YES,357,Level 4,24,TEST,,,,,2016-17,42947
DEMO DISTRICT,80099999,DEMO SCHOOL,9999,Sample Student 357,215998457,7029998458,Male,5,4422,Grade 5 Math,Speech or Language Impairment,Asian or Pacific Islander,1,,YES,251,Level 1,21,TEST,,,,,2016-17,42947
DEMO DISTRICT,80099999,DEMO SCHOOL,9999,Sample Student 358,215998458,7029998459,Male,5,4422,Grade 5 Math,,White,7,,YES,261,Level 1,21,TEST,,,,,2016-17,42947
DEMO DISTRICT,80099999,DEMO SCHOOL,9999,Sample Student 359,215998459,7029998460,Female,5,4422,Grade 5 Math,,White,6,,YES,330,Level 3,23,TEST,,,,,2016-17,42947
DEMO DISTRICT,80099999,DEMO SCHOOL,9999,Sample Student 360,215998460,7029998461,Female,5,4422,Grade 5 Math,,Black or African American,0,YES,YES,362,Level 4,24,TEST,,,,,2016-17,42947
DEMO DISTRICT,80099999,DEMO SCHOOL,9999,Sample Student 361,215998461,7029998462,Male,5,4422,Grade 5 Math,Deafness,Asian or Pacific Islander,1,,,346,Level 4,24,TEST,,,,,2016-17,42947
DEMO DISTRICT,80099999,DEMO SCHOOL,9999,Sample Student 362,215998462,7029998463,Male,5,4422,Grade 5 Math,,White,0,,YES,319,Level 3,23,TEST,,,,,2016-17,42947
DEMO DISTRICT,80099999,DEMO SCHOOL,9999,Sample Student 363,215998463,7029998464,Male,5,4422,Grade 5 Math,,Asian or Pacific Islander,3,,YES,239,Level 1,21,TEST,,,,,2016-17,42947
DEMO DISTRICT,80099999,DEMO SCHOOL,9999,Sample Student 364,215998464,7029998465,Female,5,4422,Grade 5 Math,,Hispanic or Latino,0,,YES,302,Level 2,22,TEST,,,,,2016-17,42947
DEMO DISTRICT,80099999,DEMO SCHOOL,9999,Sample Student 365,215998465,7029998466,Female,5,4422,Grade 5 Math,Hearing Impairment,White,3,YES,,307,Level 2,22,TEST,,,,,2016-17,42947
DEMO DISTRICT,80099999,DEMO SCHOOL,9999,Sample Student 366,215998466,7029998467,Female,5,4422,Grade 5 Math,,Asian or Pacific Islander,1,,YES,360,Level 4,24,TEST,,,,,2016-17,42947
DEMO DISTRICT,80099999,DEMO SCHOOL,9999,Sample Student 367,215998467,7029998468,Male,5,4422,Grade 5 Math,,Hispanic or Latino,4,,,327,Level 3,23,TEST,,,,,2016-17,42947
DEMO DISTRICT,80099999,DEMO SCHOOL,9999,Sample Student 368,215998468,7029998469,Female,5,4422,Grade 5 Math,Speech or Language Impairment,White,1,,YES,246,Level 1,21,TEST,,,,,2016-17,42947
DEMO DISTRICT,80099999,DEMO SCHOOL,9999,Sample Student 369,215998469,7029998470,Female,5,4422,Grade 5 Math,,Hispanic or Latino,0,,YES,224,Level 1,21,TEST,,,,,2016-17,42947
DEMO DISTRICT,80099999,DEMO SCHOOL,9999,Sample Student 370,215998470,7029998471,Male,5,4422,Grade 5 Math,Speech or Language Impairment,Asian or Pacific Islander,6,,YES,330,Level 3,23,TEST,,,,,2016-17,42947
DEMO DISTRICT,80099999,DEMO SCHOOL,9999,Sample Student 371,215998471,7029998472,Male,5,4422,Grade 5 Math,Other Health Impairment,Black or African American,0,,YES,335,Level 3,23,TEST,,,,,2016-17,42947
DEMO DISTRICT,80099999,DEMO SCHOOL,9999,Sample Student 372,215998472,7029998473,Male,5,4422,Grade 5 Math,Speech or Language Impairment,Black or African American,6,,YES,304,Level 2,22,TEST,,,,,2016-17,42947
